Company,"Primary Industry, Country"
China Petroleum & Chemical Corp. Inc.,"EV, China"
Exxon Mobil Corp.,"EV, United States"
Royal Dutch Shell PLC,My company is in Solar energy sector based in China
Oil & Natural Gas Corp. Ltd.,sector is Solar energy in India
Toyota Motor Corp.,"Motor Vehicles, Japan"
Apple Inc.,"Computers & Other Electronic Products, United States"
BP PLC,"Petroleum & Coal Products, United Kingdom"
Samsung Electronics Co. Ltd.,"Computers & Other Electronic Products, Korea"
PetroChina Co. Ltd.,"Petroleum & Coal Products, China"
Glencore PLC,"Primary Metals, Switzerland"
Daimler AG,"Motor Vehicles, Germany"
Ford Motor Co.,"Motor Vehicles, United States"
TOTAL SA,"Petroleum & Coal Products, France"
General Motors Co.,"Motor Vehicles, United States"
Volkswagen AG,"Motor Vehicles, Germany"
Chevron Corp.,"Petroleum & Coal Products, United States"
Hon Hai Precision Industry Co. Ltd.,"Computers & Other Electronic Products, Taiwan Province of China"
Honda Motor Co. Ltd.,"Motor Vehicles, Japan"
E.ON SE,"Miscellaneous, Germany"
Fiat Chrysler Automobiles NV,"Motor Vehicles, United Kingdom"
General Electric Co.,"Electrical Equipment & Appliances, United States"
Mahindra & Mahindra Ltd.,"Motor Vehicles, India"
Nissan Motor Co. Ltd.,"Motor Vehicles, Japan"
Bayerische Motoren Werke AG,"Motor Vehicles, Germany"
Phillips 66,"Petroleum & Coal Products, United States"
HP Inc.,"Computers & Other Electronic Products, United States"
SAIC Motor Co. Ltd.,"Motor Vehicles, China"
Petroleo Brasileiro SA-Petrobras,"Petroleum & Coal Products, Brazil"
Boeing Co.,"Aerospace & Defense, United States"
Nestl,"Food, Switzerland"
Microsoft Corp.,"Computers & Other Electronic Products, United States"
Valero Energy Corp.,"Petroleum & Coal Products, United States"
Hitachi Ltd.,"Computers & Other Electronic Products, Japan"
Siemens AG,"Computers & Other Electronic Products, Germany"
Gazprom OAO,"Petroleum & Coal Products, Russian Federation"
Hyundai Motor Co. Ltd.,"Motor Vehicles, Korea"
BASF SE,"Chemicals, Germany"
Lukoil Oil Co.,"Petroleum & Coal Products, Russian Federation"
ENI SpA,"Petroleum & Coal Products, Italy"
IBM Corp.,"Computers & Other Electronic Products, United States"
Philip Morris International Inc.,"Tobacco, United States"
JX Holdings Inc.,"Petroleum & Coal Products, Japan"
Airbus Group SE,"Aerospace & Defense, Netherlands"
Marathon Petroleum Corp.,"Petroleum & Coal Products, United States"
Rosneft Oil Co OJSC,"Petroleum & Coal Products, Russian Federation"
Johnson & Johnson,"Pharmaceuticals, United States"
Archer-Daniels-Midland Co.,"Food, United States"
Sony Corp.,"Computers & Other Electronic Products, Japan"
Audi AG,"Motor Vehicles, Germany"
Indian Oil Corp. Ltd.,"Petroleum & Coal Products, India"
Arcelor Mittal SA,"Primary Metals, Luxembourg"
Panasonic Corp.,"Computers & Other Electronic Products, Japan"
Peugeot SA,"Motor Vehicles, France"
Unilever Group,"Food, United Kingdom"
PTT Public Co. Ltd.,"Petroleum & Coal Products, Thailand"
Procter & Gamble Co.,"Chemicals, United States"
United Technologies Corp.,"Aerospace & Defense, United States"
Intel Corp.,"Computers & Other Electronic Products, United States"
PepsiCo Inc.,"Beverages, United States"
Statoil ASA,"Petroleum & Coal Products, Norway"
Roche Holding Ltd.,"Pharmaceuticals, Switzerland"
RWE AG,"Petroleum & Coal Products, Germany"
Bayer AG,"Chemicals, Germany"
Novartis AG,"Pharmaceuticals, Switzerland"
Renault SA,"Motor Vehicles, France"
Cisco Systems Inc.,"Computers & Other Electronic Products, United States"
POSCO,"Primary Metals, Korea"
Toshiba Corp.,"Computers & Other Electronic Products, Japan"
Pfizer Inc.,"Pharmaceuticals, United States"
LG Electronics Inc.,"Computers & Other Electronic Products, Korea"
Caterpillar Inc.,"Machinery, United States"
Dow Chemical Co.,"Chemicals, United States"
BHP Billiton Ltd.,"Primary Metals, Australia"
Lockheed Martin Corp.,"Aerospace & Defense, United States"
Wesfarmers Ltd.,"Chemicals, Australia"
Lenovo Group Ltd.,"Computers & Other Electronic Products, Hong Kong Special Administrative Region of China"
ThyssenKrupp AG,"Primary Metals, Germany"
Anheuser-Busch Inbev SA,"Beverages, Belgium"
Coca-Cola Co.,"Beverages, United States"
Bunge Ltd.,"Food, United States"
Compagnie de Saint-Gobain,"Stone, Clay, Glass & Concrete Products, France"
Orange,"Communications Equipment, France"
Reliance Industries Ltd.,"Textiles, India"
Continental AG,"Rubber Products, Germany"
Steel Authority of India Ltd.,"Primary Metals, India"
ITOCHU Corp.,"Textiles, Japan"
Repsol SA,"Petroleum & Coal Products, Spain"
Tata Motors Ltd.,"Motor Vehicles, India"
Kia Motors Corp.,"Motor Vehicles, Korea"
SK Innovation Co. Ltd.,"Petroleum & Coal Products, Korea"
Tyson Foods Inc.,"Food, United States"
Nippon Steel & Sumitomo Metal Corp.,"Fabricated Metal Products, Japan"
Merck & Co. Inc.,"Pharmaceuticals, United States"
Fujitsu Ltd.,"Computers & Other Electronic Products, Japan"
Saudi Basic Industries Corp. (SABIC),"Chemicals, Saudi Arabia"
LVMH Moet Hennessy Louis Vuitton SA,"Beverages, France"
Wilmar International Ltd.,"Food, Singapore"
Hyundai Heavy Industries Co. Ltd.,"Railcars, Ships, & Other Trans. Equip., Korea"
Honeywell International Inc.,"Miscellaneous, United States"
Christian Dior SA,"Apparel, France"
Imperial Brands PLC,"Tobacco, United Kingdom"
Sanofi,"Pharmaceuticals, France"
Denso Corp.,"Motor Vehicle Parts, Japan"
Volvo AB,"Motor Vehicles, Sweden"
Oracle Corp.,"Computers & Other Electronic Products, United States"
Johnson Controls Inc.,"Motor Vehicle Parts, United States"
Pegatron Corp.,"Computers & Other Electronic Products, Taiwan Province of China"
ABB Ltd.,"Machinery, Switzerland"
Bharat Petroleum Corp. Ltd.,"Petroleum & Coal Products, India"
Mitsubishi Electric Corp.,"Electrical Equipment & Appliances, Japan"
"Sinopharm Group Co., Ltd.","Pharmaceuticals, China"
GlaxoSmithKline PLC,"Pharmaceuticals, United Kingdom"
George Weston Ltd.,"Food, Canada"
Energy Transfer Partners LP,"Petroleum & Coal Products, United States"
Mitsubishi Heavy Industries Ltd.,"Miscellaneous, Japan"
Hindustan Petroleum Corp. Ltd.,"Petroleum & Coal Products, India"
Rio Tinto Group,"Primary Metals, United Kingdom"
Gilead Sciences Inc.,"Pharmaceuticals, United States"
LyondellBasell Industries NV,"Chemicals, Netherlands"
Magna International Inc.,"Motor Vehicle Parts, Canada"
Nike Inc.,"Apparel, United States"
Mitsubishi Chemical Holdings Corp.,"Chemicals, Japan"
Bridgestone Corp.,"Rubber Products, Japan"
General Dynamics Corp.,"Railcars, Ships, & Other Trans. Equip., United States"
ConocoPhillips,"Petroleum & Coal Products, United States"
Quanta Computer Inc.,"Computers & Other Electronic Products, Taiwan Province of China"
Hyundai Mobis Co. Ltd.,"Miscellaneous, Korea"
3M Co.,"Chemicals, United States"
Fresenius SE,"Medical Instruments & Equipment, Germany"
Idemitsu Kosan Co. Ltd.,"Petroleum & Coal Products, Japan"
Mondelez International Inc.,"Food, United States"
Canon Inc.,"Computers & Other Electronic Products, Japan"
Twenty-First Century Fox Inc.,"Publishing & Printing, United States"
Schneider Electric SE,"Electrical Equipment & Appliances, France"
Tesoro Corp.,"Petroleum & Coal Products, United States"
L.M. Ericsson Telephone Co.,"Communications Equipment, Sweden"
Jiangxi Copper Co. Ltd.,"Primary Metals, China"
JFE Holdings Inc.,"Fabricated Metal Products, Japan"
Mazda Motor Corp.,"Motor Vehicles, Japan"
Deere & Co.,"Machinery, United States"
L'Oreal SA,"Chemicals, France"
Enterprise Products Partners LP,"Petroleum & Coal Products, United States"
Fuji Heavy Industries Ltd.,"Motor Vehicles, Japan"
Aisin Seiki Co. Ltd.,"Motor Vehicle Parts, Japan"
Suzuki Motor Corp.,"Motor Vehicles, Japan"
CNOOC Ltd.,"Petroleum & Coal Products, Hong Kong Special Administrative Region of China"
Royal Philips Electronics NV,"Computers & Other Electronic Products, Netherlands"
CNH Industrial NV,"Machinery, United Kingdom"
Compal Electronics Inc.,"Computers & Other Electronic Products, Taiwan Province of China"
CRH PLC,"Stone, Clay, Glass & Concrete Products, Ireland"
Taiwan Semiconductor Mfg. Co. Ltd.,"Computers & Other Electronic Products, Taiwan Province of China"
Vale SA,"Primary Metals, Brazil"
Altria Group Inc.,"Tobacco, United States"
Qualcomm Inc.,"Communications Equipment, United States"
Baoshan Iron & Steel Co. Ltd.,"Fabricated Metal Products, China"
Du Pont & Co.,"Chemicals, United States"
BAE Systems PLC,"Aerospace & Defense, United Kingdom"
AstraZeneca PLC,"Pharmaceuticals, United Kingdom"
OMV AG,"Petroleum & Coal Products, Austria"
Groupe Danone,"Food, France"
Flextronics International Ltd.,"Computers & Other Electronic Products, Singapore"
Sumitomo Electric Ind. Ltd.,"Fabricated Metal Products, Japan"
Koc Holding A/S,"Motor Vehicles, Turkey"
LafargeHolcim Ltd.,"Stone, Clay, Glass & Concrete Products, Switzerland"
NEC Corp.,"Computers & Other Electronic Products, Japan"
Northrop Grumman Corp.,"Aerospace & Defense, United States"
LG Display Co. Ltd.,"Computers & Other Electronic Products, Korea"
Cie Generale des Etabl. Michelin,"Rubber Products, France"
Raytheon Co.,"Aerospace & Defense, United States"
Industria de Diseno Textil SA,"Apparel, Spain"
AbbVie Inc.,"Pharmaceuticals, United States"
Alcoa Inc.,"Primary Metals, United States"
Polski Koncern Naftowy ORLEN SA,"Petroleum & Coal Products, Poland"
International Paper Co.,"Paper, United States"
Heineken NV,"Beverages, Netherlands"
Emerson Electric Co.,"Electrical Equipment & Appliances, United States"
TonenGeneral Sekiyu KK,"Petroleum & Coal Products, Japan"
GD Midea Holding Co. Ltd.,"Electrical Equipment & Appliances, China"
Safran SA,"Communications Equipment, France"
Amgen Inc.,"Pharmaceuticals, United States"
Alfresa Holdings Corp.,"Pharmaceuticals, Japan"
Eaton Ltd.,"Electronic/Electric Equip., Ireland"
Suncor Energy Inc.,"Petroleum & Coal Products, Canada"
FUJIFILM Holdings Corp.,"Computers & Other Electronic Products, Japan"
Eaton Corp PLC,"Electrical Equipment & Appliances, Ireland"
Whirlpool Corp.,"Electrical Equipment & Appliances, United States"
Danaher Corp.,"Miscellaneous, United States"
Anglo American PLC,"Primary Metals, United Kingdom"
Sharp Corp.,"Computers & Other Electronic Products, Japan"
Faurecia,"Motor Vehicle Parts, France"
Abbott Laboratories,"Pharmaceuticals, United States"
Rolls Royce Holdings PLC,"Aerospace & Defense, United Kingdom"
Gazprom Neft OAO,"Petroleum & Coal Products, Russian Federation"
Eli Lilly & Co.,"Pharmaceuticals, United States"
Wolseley PLC,"Machinery, United Kingdom"
SABMiller PLC,"Beverages, United Kingdom"
Henkel AG & Co. KGAA,"Chemicals, Germany"
Onex Corp.,"Food, Canada"
Teva Pharmaceutical Industries Ltd.,"Pharmaceuticals, Israel"
Linde AG,"Machinery, Germany"
British American Tobacco PLC,"Tobacco, United Kingdom"
Formosa Petrochemical Corp.,"Petroleum & Coal Products, Taiwan Province of China"
Imperial Oil Ltd.,"Petroleum & Coal Products, Canada"
Cummins Inc.,"Motor Vehicle Parts, United States"
Aluminum Corp. of China Ltd.,"Chemicals, China"
PACCAR Inc.,"Motor Vehicles, United States"
Wistron Corp.,"Computers & Other Electronic Products, Taiwan Province of China"
Mitsubishi Motors Corp.,"Motor Vehicles, Japan"
Japan Tobacco Inc.,"Tobacco, Japan"
Associated British Foods PLC,"Food, United Kingdom"
Toyota Industries Corp.,"Motor Vehicles, Japan"
Kimberly-Clark Corp.,"Paper, United States"
Suzuken Co. Ltd.,"Pharmaceuticals, Japan"
Kraft Heinz Co.,"Food, United States"
adidas AG,"Apparel, Germany"
Tata Steel Ltd.,"Primary Metals, India"
Kirin Holdings Co. Ltd.,"Beverages, Japan"
Ricoh Co. Ltd.,"Computers & Other Electronic Products, Japan"
Lear Corp.,"Motor Vehicle Parts, United States"
Bombardier Inc.,"Railcars, Ships, & Other Trans. Equip., Canada"
Empresas COPEC SA,"Petroleum & Coal Products, Chile"
Showa Shell Sekiyu KK,"Petroleum & Coal Products, Japan"
Xerox Corp.,"Machinery, United States"
Air Liquide,"Chemicals, France"
Fomento Economico Mexicano SA de CV,"Beverages, Mexico"
Jabil Circuit Inc.,"Computers & Other Electronic Products, United States"
CJ Corp.,"Food, Korea"
Toray Industries Inc.,"Chemicals, Japan"
LG Chem Ltd.,"Chemicals, Korea"
General Mills Inc.,"Food, United States"
Sumitomo Chemical Co. Ltd.,"Chemicals, Japan"
Thermo Fisher Scientific Inc.,"Instruments, United States"
Daikin Industries Ltd.,"Machinery, Japan"
Fresenius Medical Care AG,"Instruments, Germany"
Goodyear Tire & Rubber Co.,"Rubber Products, United States"
Nucor Corp.,"Primary Metals, United States"
Bristol-Myers Squibb Co.,"Pharmaceuticals, United States"
Shanghai Pharmaceutical Holding Co. Ltd.,"Pharmaceuticals, China"
Micron Technology Inc.,"Computers & Other Electronic Products, United States"
Asahi Kasei Corp.,"Chemicals, Japan"
Akzo Nobel NV,"Pharmaceuticals, Netherlands"
Isuzu Motors Ltd.,"Motor Vehicles, Japan"
Colgate-Palmolive Co.,"Chemicals, United States"
SK Hynix Inc.,"Computers & Other Electronic Products, Korea"
Johnson Matthey PLC,"Chemicals, United Kingdom"
Freeport-McMoRan Inc.,"Primary Metals, United States"
Diageo PLC,"Beverages, United Kingdom"
Baker Hughes Inc.,"Machinery, United States"
Novo Nordisk AS,"Pharmaceuticals, Denmark"
Valeo SA,"Motor Vehicle Parts, France"
Lixil Group Corp.,"Fabricated Metal Products, Japan"
Tokyo Gas Co. Ltd.,"Petroleum & Coal Products, Japan"
Zte Corp.,"Communications Equipment, China"
China National Building Material Co. Ltd.,"Stone, Clay, Glass & Concrete Products, China"
Komatsu Ltd.,"Machinery, Japan"
S-Oil Corp.,"Petroleum & Coal Products, Korea"
Thales,"Instruments, France"
Kobe Steel Ltd.,"Primary Metals, Japan"
PPG Industries Inc.,"Chemicals, United States"
Delphi Automotive PLC,"Motor Vehicles, United Kingdom"
Daihatsu Motor Co. Ltd.,"Motor Vehicles, Japan"
Monsanto Co.,"Chemicals, United States"
Takeda Pharmaceutical Co. Ltd.,"Pharmaceuticals, Japan"
MAN SE,"Motor Vehicles, Germany"
Jeronimo Martins SGPS SA,"Food, Portugal"
Alfa SAB de CV,"Miscellaneous, Mexico"
Agrium Inc.,"Chemicals, Canada"
Evonik Industries AG,"Petroleum & Coal Products, Germany"
HeidelbergCement AG,"Stone, Clay, Glass & Concrete Products, Germany"
National Oilwell Varco Inc.,"Machinery, United States"
AB Electrolux,"Electrical Equipment & Appliances, Sweden"
Western Digital Corp.,"Computers & Other Electronic Products, United States"
Hino Motors Ltd.,"Motor Vehicles, Japan"
Caltex Australia Ltd.,"Petroleum & Coal Products, Australia"
Merro Pharmaceutical Co. Ltd.,"Pharmaceuticals, China"
San Miguel Corp.,"Food, Philippines"
MOL Hungarian Oil & Gas PLC,"Petroleum & Coal Products, Hungary"
Asustek Computer Inc.,"Computers & Other Electronic Products, Taiwan Province of China"
Finmeccanica SpA,"Aerospace & Defense, Italy"
Huayu Automotive Systems Co. Ltd.,"Motor Vehicle Parts, China"
Olam International Ltd.*,"Food, Singapore"
Lafarge SA*,"Stone, Clay, Glass & Concrete Products, France"
Qingdao Haier Co. Ltd.,"Electrical Equipment & Appliances, China"
Merck KGaA,"Chemicals, Germany"
Surgutneftegas OAO,"Petroleum & Coal Products, Russian Federation"
Svenska Cellulosa SCA,"Paper, Sweden"
Ecolab Inc.,"Chemicals, United States"
Hyundai Steel Co.,"Primary Metals, Korea"
Nokia Corp.,"Communications Equipment, Finland"
Textron Inc.,"Aerospace & Defense, United States"
Esso SA,"Petroleum & Coal Products, France"
Kellogg Co.,"Food, United States"
Syngenta AG,"Chemicals, Switzerland"
Yamaha Motor Co. Ltd.,"Motor Vehicles, Japan"
Illinois Tool Works Inc.,"Fabricated Metal Products, United States"
Tongling Nonferrous Metal Group Co. Ltd.,"Primary Metals, China"
HollyFrontier Corp.,"Petroleum & Coal Products, United States"
Kubota Corp.,"Machinery, Japan"
Ingersoll-Rand PLC,"Machinery, Ireland"
Reckitt Benckiser Group PLC,"Chemicals, United Kingdom"
PBF Energy Inc.,"Petroleum & Coal Products, United States"
Cemex SAB de CV,"Stone, Clay, Glass & Concrete Products, Mexico"
Devon Energy Corp.,"Petroleum & Coal Products, United States"
Kawasaki Heavy Industries Ltd.,"Railcars, Ships, & Other Trans. Equip., Japan"
Texas Instruments Inc.,"Computers & Other Electronic Products, United States"
IHI Corp.,"Machinery, Japan"
Chesapeake Energy Corp.,"Petroleum & Coal Products, United States"
Daewoo Shipbuilding & Marine Engineering,"Railcars, Ships, & Other Trans. Equip., Korea"
Yara International ASA,"Chemicals, Norway"
Occidental Petroleum Corp.,"Petroleum & Coal Products, United States"
Parker Hannifin Corp.,"Machinery, United States"
Uni-President Enterprises Corp.,"Food, Taiwan Province of China"
Tupras Turkiye Petrol Rafine,"Petroleum & Coal Products, Turkey"
Turkiye Petrol Rafinerileri AS,"Petroleum & Coal Products, Turkey"
Grupo Bimbo SA de CV,"Food, Mexico"
VF Corp.,"Apparel, United States"
Saipem SpA,"Petroleum & Coal Products, Italy"
Toppan Printing Co. Ltd.,"Publishing & Printing, Japan"
TE Connectivity Ltd.,"Computers & Other Electronic Products, Switzerland"
Siam Cement Public Co. Ltd.,"Stone, Clay, Glass & Concrete Products, Thailand"
Kyocera Corp.,"Computers & Other Electronic Products, Japan"
Fosun International Ltd.,"Miscellaneous, China"
Neste Oyj,"Petroleum & Coal Products, Finland"
Kao Corp.,"Chemicals, Japan"
Atlas Copco AB,"Machinery, Sweden"
Dai Nippon Printing Co. Ltd.,"Publishing & Printing, Japan"
Compagnie Financiere Richemont AG,"Instruments, Switzerland"
Voest-Alpine AG,"Primary Metals, Austria"
Aurubis AG,"Primary Metals, Germany"
Inventec Corp.,"Computers & Other Electronic Products, Taiwan Province of China"
Shanghai Electric Group Co. Ltd.,"Machinery, China"
"Otsuka Holdings Co., Ltd.","Pharmaceuticals, Japan"
Oji Holdings Corp.,"Paper, Japan"
Braskem SA,"Petroleum & Coal Products, Brazil"
BYD Co. Ltd.,"Miscellaneous, Hong Kong Special Administrative Region of China"
Sasol Ltd.,"Petroleum & Coal Products, South Africa"
Solvay SA,"Chemicals, Belgium"
Bollore SA,"Miscellaneous, France"
Mitsubishi Materials Corp.,"Primary Metals, Japan"
Husky Energy Inc.,"Petroleum & Coal Products, Canada"
Toyota Boshoku Corp.,"Motor Vehicle Parts, Japan"
Vivendi SA,"Miscellaneous, France"
Ambev SA,"Beverages, Brazil"
Great Wall Motor Co. Ltd.,"Motor Vehicles, China"
Dominion Resources Inc.,"Petroleum & Coal Products, United States"
JTEKT Corp.,"Fabricated Metal Products, Japan"
Charoen Pokphand Foods PCL,"Food, Thailand"
ConAgra Foods Inc.,"Food, United States"
United States Steel Corp.,"Fabricated Metal Products, United States"
Astellas Pharma Inc.,"Pharmaceuticals, Japan"
Zijin Mining Group Co. Ltd.,"Primary Metals, China"
WestRock Co.,"Paper, United States"
Weichai Power Co. Ltd.,"Motor Vehicle Parts, China"
Technip,"Petroleum & Coal Products, France"
Sherwin-Williams Co.,"Chemicals, United States"
China Greatwall Computer Shenzhen Co. Ltd.,"Computers & Other Electronic Products, China"
PTT Global Chemical Public Co. Ltd.,"Petroleum & Coal Products, Thailand"
R.R. Donnelley & Sons Co.,"Publishing & Printing, United States"
Stanley Black & Decker Inc.,"Fabricated Metal Products, United States"
Mitsui Chemicals Inc.,"Chemicals, Japan"
Seagate Technology PLC,"Computers & Other Electronic Products, Ireland"
UPM - Kymmene Corp.,"Paper, Finland"
Asahi Glass Co. Ltd.,"Stone, Clay, Glass & Concrete Products, Japan"
Innolux Corp.,"Computers & Other Electronic Products, Taiwan Province of China"
Metalurgica Gerdau SA,"Primary Metals, Brazil"
AU Optronics Corp.,"Computers & Other Electronic Products, Taiwan Province of China"
Stora Enso Corp.,"Paper, Finland"
Praxair Inc.,"Chemicals, United States"
Estee Lauder Cos. Inc.,"Chemicals, United States"
Biogen Inc.,"Pharmaceuticals, United States"
Vedanta Resources PLC,"Primary Metals, United Kingdom"
GKN PLC,"Motor Vehicle Parts, United Kingdom"
Shin-Etsu Chemical Co. Ltd.,"Chemicals, Japan"
Reynolds American Inc.,"Tobacco, United States"
China Agri-Industries Holdings Ltd.,"Food, Hong Kong Special Administrative Region of China"
Umicore SA,"Primary Metals, Belgium"
Hyosung Corp.,"Textiles, Korea"
GS Holdings Co. Ltd.,"Petroleum & Coal Products, Korea"
Sinopec Shanghai Petrochemical Co. Ltd.,"Chemicals, China"
L-3 Communications Holdings Inc.,"Communications Equipment, United States"
Valeant Pharmaceuticals International Inc.,"Chemicals, Canada"
NH Foods Ltd.,"Food, Japan"
Sandvik AB,"Fabricated Metal Products, Sweden"
Chong Qing Changan Automobile Co. Ltd.,"Motor Vehicles, China"
Becton Dickinson & Co.,"Medical Instruments & Equipment, United States"
MEIJI Holdings Co. Ltd.,"Food, Japan"
Navistar International Corp.,"Motor Vehicles, United States"
Norsk Hydro ASA,"Fabricated Metal Products, Norway"
Hydro Aluminum AS,"Fabricated Metal Products, Norway"
Baxter International Inc.,"Medical Instruments & Equipment, United States"
Murata Manufacturing Co. Ltd.,"Computers & Other Electronic Products, Japan"
Formosa Chemicals & Fibre Corp.,"Textiles, Taiwan Province of China"
Lotte Chemical Corp.,"Petroleum & Coal Products, Korea"
Stryker Corp.,"Medical Instruments & Equipment, United States"
Sinomach Automobile Co. Ltd.,"Machinery, China"
Tyco International PLC,"Computers & Other Electronic Products, Ireland"
Air Products & Chemicals Inc.,"Chemicals, United States"
Synnex Technology International Corp.,"Computers & Other Electronic Products, Taiwan Province of China"
Ajinomoto Co. Inc.,"Food, Japan"
Western Refining Inc.,"Petroleum & Coal Products, United States"
Vedanta Ltd.,"Primary Metals, India"
Nidec Corp.,"Computers & Other Electronic Products, Japan"
Haier Electronics Group Co. Ltd.,"Electrical Equipment & Appliances, Hong Kong Special Administrative Region of China"
Luxottica Group SpA,"Medical Instruments & Equipment, Italy"
Bunzl PLC,"Paper, United Kingdom"
Amcor Ltd.,"Paper, Australia"
Eastman Chemical Co.,"Chemicals, United States"
Applied Materials Inc.,"Computers & Other Electronic Products, United States"
Royal DSM NV,"Chemicals, Netherlands"
TDK Corp.,"Computers & Other Electronic Products, Japan"
BrightOil Petroleum (Holdings) Ltd.,"Leather Products, Hong Kong Special Administrative Region of China"
Carlsberg A/S,"Beverages, Denmark"
Schindler Holding Ltd.,"Machinery, Switzerland"
New Hope Liuhe Co. Ltd.,"Machinery, China"
Kone Corp.,"Machinery, Finland"
Cenovus Energy Inc.,"Petroleum & Coal Products, Canada"
Mylan Inc.,"Chemicals, United Kingdom"
PGNiG SA,"Petroleum & Coal Products, Poland"
Gail India Ltd.,"Petroleum & Coal Products, India"
Inner Mongolia Yi Li Industry Co. Ltd.,"Food, China"
Reliance Steel & Aluminum Co.,"Primary Metals, United States"
Hormel Foods Corp.,"Food, United States"
Pernod-Ricard SA,"Beverages, France"
Celgene Corp.,"Pharmaceuticals, United States"
Salzgitter AG,"Primary Metals, Germany"
Xiamen Xiangyu Co. Ltd.,"Communications Equipment, China"
Vestas Wind Systems AS,"Machinery, Denmark"
Nan Ya Plastic Corp.,"Chemicals, Taiwan Province of China"
China Coal Energy Co. Ltd.,"Petroleum & Coal Products, China"
Corning Inc.,"Communications Equipment, United States"
Sekisui Chemical Co. Ltd.,"Fabricated Metal Products, Japan"
Tingyi Cayman Islands Holdings Corp.,"Food, China"
Seiko Epson Corp.,"Computers & Other Electronic Products, Japan"
China International Marine Containers Group Ltd.,"Railcars, Ships, & Other Trans. Equip., China"
SKF AB,"Fabricated Metal Products, Sweden"
Saras SPA,"Petroleum & Coal Products, Italy"
Mosaic Co.,"Chemicals, United States"
Canadian Natural Resources Ltd.,"Petroleum & Coal Products, Canada"
Barrick Gold Corp.,"Primary Metals, Canada"
Swatch Group AG,"Instruments, Switzerland"
Smurfit Kappa Group PLC,"Paper, Ireland"
Cameron International Corp.,"Machinery, United States"
Coca-Cola FEMSA SAB de CV,"Beverages, Mexico"
Crown Holdings Inc.,"Fabricated Metal Products, United States"
EOG Resources Inc.,"Petroleum & Coal Products, United States"
Calsonic Kansei Corp.,"Motor Vehicle Parts, Japan"
Veritiv Corp.,"Machinery, United States"
Evraz PLC,"Primary Metals, United Kingdom"
China Steel Corp.,"Primary Metals, Taiwan Province of China"
United Co. Rusal PLC,"Primary Metals, Cyprus"
Anadarko Petroleum Corp.,"Petroleum & Coal Products, United States"
Sumitomo Forestry Co. Ltd.,"Wood Products, Japan"
Origin Energy Ltd.,"Petroleum & Coal Products, Australia"
Jarden Corp.,"Miscellaneous, United States"
Wendel,"Miscellaneous, France"
JSC MMC Norilsk Nickel,"Primary Metals, Russian Federation"
Advanced Semiconductor Engineering Inc.,"Electrical Equipment & Appliances, Taiwan Province of China"
Yamazaki Baking Co. Ltd.,"Food, Japan"
Konica Minolta Inc.,"Computers & Other Electronic Products, Japan"
LS Corp.,"Communications Equipment, Korea"
Hitachi Metals Ltd.,"Fabricated Metal Products, Japan"
Yue Yuen Industrial Holdings Ltd.,"Apparel, Hong Kong Special Administrative Region of China"
Broadcom Corp.*,"Computers & Other Electronic Products, United States"
INPEX Corp.,"Petroleum & Coal Products, Japan"
Arkema SA,"Chemicals, France"
Gansu Jiu Steel Group Hongxing Iron & Steel Co.,"Primary Metals, China"
Nippon Paper Industries Co. Ltd.,"Paper, Japan"
Samsung Heavy Industries Ltd.,"Railcars, Ships, & Other Trans. Equip., Korea"
Lagardere Groupe SCA,"Publishing & Printing, France"
Tenneco Inc.,"Motor Vehicle Parts, United States"
Pilgrim's Pride Corp.,"Food, United States"
Pou Chen Corp.,"Apparel, Taiwan Province of China"
Grupo Mexico SA de CV,"Primary Metals, Mexico"
Angang Steel Co. Ltd.,"Fabricated Metal Products, China"
Thai Oil Public Co. Ltd.,"Petroleum & Coal Products, Thailand"
BRF SA,"Food, Brazil"
Daiichi Sankyo Co. Ltd.,"Pharmaceuticals, Japan"
Dean Foods Co.,"Food, United States"
NSK Ltd.,"Fabricated Metal Products, Japan"
Prysmian SpA,"Fabricated Metal Products, Italy"
Campbell Soup Co.,"Food, United States"
Assa Abloy AB,"Fabricated Metal Products, Sweden"
Mohawk Industries Inc.,"Textiles, United States"
Daelim Industrial Co. Ltd.,"Petroleum & Coal Products, Korea"
BorgWarner Inc.,"Motor Vehicle Parts, United States"
PVH Corp.,"Apparel, United States"
Novolipetsk Steel - NLMK,"Primary Metals, Russian Federation"
Ball Corp.,"Fabricated Metal Products, United States"
Saputo Inc.,"Food, Canada"
Acer Inc.,"Computers & Other Electronic Products, Taiwan Province of China"
Hellenic Petroleum SA,"Petroleum & Coal Products, Greece"
Ternium SA,"Fabricated Metal Products, Luxembourg"
Anhui Conch Cement Co. Ltd.,"Stone, Clay, Glass & Concrete Products, China"
Oneok Inc.,"Petroleum & Coal Products, United States"
Beijing Enterprises Holdings Ltd.,"Beverages, Hong Kong Special Administrative Region of China"
J.M. Smucker Co.,"Food, United States"
Petron Corp.,"Petroleum & Coal Products, Philippines"
Motor Oil (Hellas) SA,"Petroleum & Coal Products, Greece"
China Mengniu Dairy Co. Ltd.,"Food, Hong Kong Special Administrative Region of China"
Steel Dynamics Inc.,"Primary Metals, United States"
Wesco International Inc.,"Electronic/Electric Equip., United States"
BOE Technology Group Co Ltd.,"Computers & Other Electronic Products, China"
Alstom,"Machinery, France"
Tatneft OAO,"Petroleum & Coal Products, Russian Federation"
Boston Scientific Corp.,"Medical Instruments & Equipment, United States"
Mondi PLC,"Paper, United Kingdom"
Federal-Mogul Corp.,"Motor Vehicle Parts, United States"
AGCO Corp.,"Machinery, United States"
Hershey Co.,"Food, United States"
Williams Cos. Inc.,"Petroleum & Coal Products, United States"
FIH Mobile Ltd.,"Electrical Equipment & Appliances, China"
Maruha Nichiro Corp.,"Food, Japan"
Essilor International SA,"Medical Instruments & Equipment, France"
Chow Tai Fook Jewellery Group Ltd.,"Apparel, Hong Kong Special Administrative Region of China"
Keppel Corp. Ltd.,"Railcars, Ships, & Other Trans. Equip., Singapore"
Beiersdorf AG,"Chemicals, Germany"
Pirelli SpA,"Communications Equipment, Italy"
Sumitomo Metal Mining Co. Ltd.,"Primary Metals, Japan"
Masco Corp.,"Furniture & Fixtures, United States"
Furukawa Electric Co. Ltd.,"Electrical Equipment & Appliances, Japan"
Tenaris SA,"Primary Metals, Luxembourg"
Savola Group,"Food, Saudi Arabia"
Weyerhaeuser Co.,"Wood Products, United States"
Sealed Air Corp.,"Plastics, United States"
Huntington Ingalls Industries Inc.,"Railcars, Ships, & Other Trans. Equip., United States"
Coca-Cola Enterprises Inc.,"Beverages, United States"
Williams Partners LP,"Petroleum & Coal Products, United States"
Sumitomo Rubber Industries Ltd.,"Rubber Products, Japan"
Dover Corp.,"Machinery, United States"
Taiheiyo Cement Corp.,"Stone, Clay, Glass & Concrete Products, Japan"
Outokumpu Corp.,"Fabricated Metal Products, Finland"
Maanshan Iron & Steel Co. Ltd.,"Primary Metals, China"
Omron Corp.,"Electrical Equipment & Appliances, Japan"
Andritz AG,"Machinery, Austria"
STMicroelectronics NV,"Computers & Other Electronic Products, Netherlands"
ASML Holding NV,"Machinery, Netherlands"
Coca-Cola HBC AG,"Beverages, Switzerland"
Nikon Corp.,"Computers & Other Electronic Products, Japan"
Avago Technologies Ltd.,"Electrical Equipment & Appliances, Singapore"
Henan Shuanghui Investment & Development Co. Ltd.,"Food, China"
Hanwha Chemical Corp.,"Chemicals, Korea"
DIC Corp.,"Chemicals, Japan"
China Hongqiao Group Ltd.,"Fabricated Metal Products, China"
Rabigh Refining & Petrochemical Co,"Petroleum & Coal Products, Saudi Arabia"
"Fuji Electric Co, Ltd","Electrical Equipment & Appliances, Japan"
Suedzucker AG,"Food, Germany"
Nexans SA,"Fabricated Metal Products, France"
Koito Mfg. Co. Ltd.,"Motor Vehicle Parts, Japan"
SSAB AB,"Primary Metals, Sweden"
Brookfield Business Partners LP,"Petroleum & Coal Products, Bermuda"
AK Steel Holding Corp.,"Primary Metals, United States"
Olympus Corp.,"Instruments, Japan"
Sinochem International Corp.,"Rubber Products, China"
Mitsui Engineering & Shipbldg. Co. Ltd.,"Railcars, Ships, & Other Trans. Equip., Japan"
Indorama Ventures Co. Ltd.,"Textiles, Thailand"
Toyo Seikan Group Holdings Ltd.,"Fabricated Metal Products, Japan"
Kerry Group PLC,"Food, Ireland"
Targa Resources Partners LP,"Petroleum & Coal Products, United States"
Spirit AeroSystems Holdings Inc.,"Aerospace & Defense, United States"
Far Eastern New Century Corp.,"Textiles, Taiwan Province of China"
Pearson PLC,"Publishing & Printing, United Kingdom"
Nitto Denko Corp.,"Chemicals, Japan"
Teijin Ltd.,"Chemicals, Japan"
Targa Resources Corp.,"Petroleum & Coal Products, United States"
Lite-On Technology Corp.,"Computers & Other Electronic Products, Taiwan Province of China"
Hess Corp.,"Petroleum & Coal Products, United States"
Constellation Brands Inc.,"Beverages, United States"
Terex Corp.,"Machinery, United States"
Media Tek Inc.,"Computers & Other Electronic Products, Taiwan Province of China"
Shiseido Co. Ltd.,"Chemicals, Japan"
Showa Denko KK,"Chemicals, Japan"
CMS Energy Corp.,"Petroleum & Coal Products, United States"
PT Hanjaya Mandala Sampoerna,"Tobacco, Indonesia"
Pentair PLC,"Machinery, United Kingdom"
First Pacific Co. Ltd.,"Miscellaneous, Hong Kong Special Administrative Region of China"
Novatek Joint Stock Co.,"Petroleum & Coal Products, Russian Federation"
Samsung SDI Co. Ltd.,"Computers & Other Electronic Products, Korea"
Toyoda Gosei Co. Ltd.,"Motor Vehicle Parts, Japan"
Shire PLC,"Pharmaceuticals, Ireland"
Alps Electric Co. Ltd.,"Computers & Other Electronic Products, Japan"
PAO Severstal,"Fabricated Metal Products, Russian Federation"
Sanmina Corp.,"Computers & Other Electronic Products, United States"
Trinity Industries Inc.,"Railcars, Ships, & Other Trans. Equip., United States"
FMC Technologies Inc.,"Machinery, United States"
NCR Corp.,"Computers & Other Electronic Products, United States"
Infineon Technologies AG,"Communications Equipment, Germany"
Apache Corp.,"Petroleum & Coal Products, United States"
Rockwell Automation Inc.,"Electrical Equipment & Appliances, United States"
BBMG Corp.,"Stone, Clay, Glass & Concrete Products, China"
JSW Steel Ltd.,"Fabricated Metal Products, India"
Hitachi Construction Machinery Co. Ltd.,"Machinery, Japan"
Barry Callebaut AG,"Food, Switzerland"
Dr. Pepper Snapple Group Inc.,"Beverages, United States"
Belle International Holdings Ltd.,"Apparel, Hong Kong Special Administrative Region of China"
Tosoh Corp.,"Chemicals, Japan"
Potash Corp. of Saskatchewan Inc.,"Chemicals, Canada"
Bluescope Steel Ltd.,"Primary Metals, Australia"
NOK Corp.,"Rubber Products, Japan"
Delta Electronics Inc.,"Computers & Other Electronic Products, Taiwan Province of China"
Nagase & Co. Ltd.,"Chemicals, Japan"
Brother Industries Ltd.,"Communications Equipment, Japan"
Owens-Illinois Inc.,"Stone, Clay, Glass & Concrete Products, United States"
Harman International Inds. Inc.,"Computers & Other Electronic Products, United States"
Uni-Charm Corp.,"Paper, Japan"
Oshkosh Corp.,"Motor Vehicles, United States"
NXP Semiconductors NV,"Electrical Equipment & Appliances, Netherlands"
Avon Products Inc.,"Chemicals, United States"
Baxalta Inc.,"Pharmaceuticals, United States"
Osram Licht AG,"Electrical Equipment & Appliances, Germany"
Dana Inc.,"Motor Vehicle Parts, United States"
Shandong Iron & Steel Co. Ltd.,"Fabricated Metal Products, China"
Zimmer Biomet Holdings Inc.,"Medical Instruments & Equipment, United States"
Harley-Davidson Inc.,"Motor Vehicles, United States"
Commercial Metals Co.,"Primary Metals, United States"
Takata Corp.,"Motor Vehicle Parts, Japan"
Avery Dennison Corp.,"Paper, United States"
NTN Corp.,"Fabricated Metal Products, Japan"
Teck Resources Ltd.,"Primary Metals, Canada"
IRPC Public Co. Ltd.,"Chemicals, Thailand"
Fletcher Building Ltd.,"Miscellaneous, New Zealand"
Shandong Gold-Mining Co. Ltd.,"Primary Metals, China"
Newell Rubbermaid Inc.,"Miscellaneous, United States"
China Fortune Land Development Co. Ltd.,"Electrical Equipment & Appliances, China"
Embraer SA,"Aerospace & Defense, Brazil"
AP Moeller Maersk AS,"Petroleum & Coal Products, Denmark"
Marathon Oil Corp.,"Petroleum & Coal Products, United States"
Clariant Ltd.,"Chemicals, Switzerland"
Motherson Sumi Systems Ltd.,"Motor Vehicle Parts, India"
Formosa Plastics Corp.,"Chemicals, Taiwan Province of China"
OJSC Magnitogorsk Iron & Steel Works,"Primary Metals, Russian Federation"
Sumitomo Heavy Industries Ltd.,"Machinery, Japan"
Grupa Lotos SA,"Petroleum & Coal Products, Poland"
Rexam PLC,"Miscellaneous, United Kingdom"
TBEA Co. Ltd.,"Electrical Equipment & Appliances, China"
Delek US Holdings Inc.,"Petroleum & Coal Products, United States"
Wacker Chemie AG,"Chemicals, Germany"
Renesas Electronics Corp,"Computers & Other Electronic Products, Japan"
Packaging Corp. of America,"Paper, United States"
Ford Otomotiv Sanayi AS,"Motor Vehicles, Turkey"
Chemours Co.,"Chemicals, United States"
Hanesbrands Inc.,"Textiles, United States"
"Mexichen, SA de CV","Chemicals, Mexico"
Zhongjin Gold Co. Ltd.,"Primary Metals, China"
DS Smith PLC,"Paper, United Kingdom"
Celanese Corp.,"Chemicals, United States"
Motorola Solutions Inc.,"Communications Equipment, United States"
Mattel Inc.,"Miscellaneous, United States"
Clorox Co.,"Chemicals, United States"
Rheinmetall AG,"Machinery, Germany"
Fujikura Ltd.,"Communications Equipment, Japan"
Celestica Inc.,"Computers & Other Electronic Products, Canada"
Constellium NV,"Primary Metals, Netherlands"
Ingredion Inc.,"Food, United States"
Yanzhou Coal Mining Co. Ltd.,"Petroleum & Coal Products, China"
Amphenol Corp.,"Computers & Other Electronic Products, United States"
SanDisk Corp.,"Computers & Other Electronic Products, United States"
Dongfang Electric Corp. Ltd.,"Machinery, China"
NetApp Inc.,"Computers & Other Electronic Products, United States"
St. Jude Medical Inc.,"Medical Instruments & Equipment, United States"
Tokyo Electron Ltd.,"Computers & Other Electronic Products, Japan"
Lao Feng Xiang Co. Ltd.,"Apparel, China"
Sika Finanz AG,"Chemicals, Switzerland"
Air Water Inc.,"Chemicals, Japan"
Oil Refineries Ltd,"Petroleum & Coal Products, Israel"
Wartsila Corp.,"Machinery, Finland"
CSL Ltd.,"Pharmaceuticals, Australia"
Compagnie Plastic Omnium,"Motor Vehicle Parts, France"
Burelle SA,"Plastics, France"
CVR Energy Inc.,"Petroleum & Coal Products, United States"
Israel Chemicals Ltd.,"Chemicals, Israel"
Sappi Ltd.,"Paper, South Africa"
Zodiac Aerospace,"Aerospace & Defense, France"
Kunlun Energy Co. Ltd.,"Petroleum & Coal Products, Hong Kong Special Administrative Region of China"
Ashland Inc.,"Petroleum & Coal Products, United States"
PTT Exploration & Production PCL,"Petroleum & Coal Products, Thailand"
Taiyo Nippon Sanso Corp.,"Chemicals, Japan"
NHK Spring Co. Ltd.,"Fabricated Metal Products, Japan"
Ube Industries Ltd.,"Chemicals, Japan"
Owens Corning,"Stone, Clay, Glass & Concrete Products, United States"
Nippon Suisan Kaisha Ltd.,"Food, Japan"
AVIC International Holdings Ltd.,"Electronic/Electric Equip., China"
Aercap Holdings NV,"Railcars, Ships, & Other Trans. Equip., Ireland"
Hermes International SCA,"Apparel, France"
Domtar Corp.,"Paper, United States"
Lam Research Corp.,"Computers & Other Electronic Products, United States"
S&P Global Inc.,"Publishing & Printing, United States"
Beiqi Foton Motor Co. Ltd.,"Motor Vehicle Parts, China"
Samsung Electro-Mechanics Co. Ltd.,"Computers & Other Electronic Products, Korea"
Rockwell Collins Inc.,"Communications Equipment, United States"
Yokohama Rubber Co. Ltd.,"Rubber Products, Japan"
Spectra Energy Corp.,"Petroleum & Coal Products, United States"
Nippon Sheet Glass Co. Ltd.,"Stone, Clay, Glass & Concrete Products, Japan"
SEB SA,"Electrical Equipment & Appliances, France"
Fanuc Corp.,"Machinery, Japan"
CVR Refining LP,"Petroleum & Coal Products, United States"
C.P. Pokphand Co. Ltd.,"Food, Hong Kong Special Administrative Region of China"
"Kweichow Moutai Co., Ltd.","Beverages, China"
KGHM Polska Miedz SA,"Primary Metals, Poland"
Iwatani Corp.,"Machinery, Japan"
PT Gudang Garam TBK,"Tobacco, Indonesia"
Minebea Co. Ltd.,"Fabricated Metal Products, Japan"
Grupo Carso SA de CV,"Tobacco, Mexico"
Harris Corp.,"Communications Equipment, United States"
Southern Copper Corp.,"Primary Metals, United States"
Techtronic Industries Co. Ltd.,"Miscellaneous, Hong Kong Special Administrative Region of China"
GEA Group AG,"Miscellaneous, Germany"
Morinaga Milk Industry Co. Ltd.,"Food, Japan"
Sonoco Products Co.,"Paper, United States"
NVIDIA Corp.,"Computers & Other Electronic Products, United States"
Mitsubishi Gas Chemical Co. Inc.,"Chemicals, Japan"
Cintas Corp.,"Apparel, United States"
Hindustan Unilever Ltd.,"Miscellaneous, India"
Leoni AG,"Fabricated Metal Products, Germany"
Juniper Networks Inc.,"Computers & Other Electronic Products, United States"
Berry Plastics Group Inc.,"Plastics, United States"
Hotai Motor Co. Ltd.,"Motor Vehicles, Taiwan Province of China"
Arcelik AS,"Electrical Equipment & Appliances, Turkey"
Dongkuk Steel Mill Co. Ltd.,"Primary Metals, Korea"
Empresas CMPC SA,"Paper, Chile"
Savencia SA,"Food, France"
MTU Aero Engines AG,"Aerospace & Defense, Germany"
Pioneer Natural Resources Co.,"Petroleum & Coal Products, United States"
RPM International Inc.,"Chemicals, United States"
Thai Beverage Public Co. Ltd.,"Beverages, Thailand"
Megmilk Snow Brand Co. Ltd.,"Food, Japan"
Kewpie Corp.,"Food, Japan"
Inabata & Co. Ltd.,"Computers & Other Electronic Products, Japan"
Daiwabo Holdings Co. Ltd.,"Textiles, Japan"
Yunnan Tin Co. Ltd.,"Primary Metals, China"
Bandai Namco Holdings Inc.,"Miscellaneous, Japan"
Boliden AB,"Primary Metals, Sweden"
Zoetis Inc.,"Pharmaceuticals, United States"
Marfrig Global Foods SA,"Food, Brazil"
Liaoni Huajin Tongda Chemicals Co. Ltd.,"Petroleum & Coal Products, China"
UACJ Corp.,"Primary Metals, Japan"
Hanon Systems,"Machinery, Korea"
Italcementi SpA,"Stone, Clay, Glass & Concrete Products, Italy"
Polaris Industries Inc.,"Railcars, Ships, & Other Trans. Equip., United States"
Aperam SA,"Fabricated Metal Products, Luxembourg"
Alfa-Laval AB,"Machinery, Sweden"
Toto Ltd.,"Stone, Clay, Glass & Concrete Products, Japan"
J.M. Voith AG,"Machinery, Germany"
Spectrum Brands Holdings Inc.,"Electrical Equipment & Appliances, United States"
Hengyi Petrochemical Co. Ltd.,"Fabricated Metal Products, China"
Activision Blizzard Inc.,"Computers & Other Electronic Products, United States"
Hisense Electric Co. Ltd.,"Computers & Other Electronic Products, China"
Coca-Cola East Japan Co. Ltd.,"Beverages, Japan"
Post Holdings Inc.,"Food, United States"
Geely Automobile Holdings Ltd.,"Motor Vehicles, Hong Kong Special Administrative Region of China"
Indofood Sukses Makmur TBK,"Food, Indonesia"
Smith & Nephew PLC,"Medical Instruments & Equipment, United Kingdom"
Acerinox SA,"Primary Metals, Spain"
Nisshin Seifun Group Inc.,"Food, Japan"
Nine Dragons Paper (Holdings) Ltd.,"Paper, Hong Kong Special Administrative Region of China"
Kaneka Corp.,"Chemicals, Japan"
Perrigo Company PLC,"Chemicals, Ireland"
Dassault Aviation SA,"Aerospace & Defense, France"
Wolters Kluwer NV,"Publishing & Printing, Netherlands"
Flowserve Corp.,"Machinery, United States"
Fortune Brands Home & Security Inc.,"Fabricated Metal Products, United States"
Eisai Co. Ltd.,"Pharmaceuticals, Japan"
K & S AG,"Chemicals, Germany"
Nisshin Steel Co. Ltd.,"Fabricated Metal Products, Japan"
Hitachi Chemical Co. Ltd.,"Chemicals, Japan"
Walsin Lihwa Corp.,"Fabricated Metal Products, Taiwan Province of China"
Keurig Green Mountain Inc.,"Food, United States"
LG Household & Healthcare Ltd.,"Miscellaneous, Korea"
Byd Electronic International Co. Ltd.,"Computers & Other Electronic Products, China"
Bengang Steel Plates Co. Ltd.,"Fabricated Metal Products, China"
China Resources Beer Holdings Co. Ltd.,"Food, Hong Kong Special Administrative Region of China"
SK Chemicals Co.,"Chemicals, Korea"
Imerys SA,"Stone, Clay, Glass & Concrete Products, France"
Nippon Paint Co. Ltd.,"Chemicals, Japan"
Hasbro Inc.,"Miscellaneous, United States"
Sapporo Holdings Ltd.,"Food, Japan"
Nichirei Corp.,"Food, Japan"
Westlake Chemical Corp.,"Chemicals, United States"
Nisshinbo Holdings Inc.,"Miscellaneous, Japan"
Toshiba TEC Corp.,"Computers & Other Electronic Products, Japan"
Givaudan AG,"Chemicals, Switzerland"
Rengo Co. Ltd.,"Paper, Japan"
EnCana Corp.,"Petroleum & Coal Products, Canada"
Shenergy Co. Ltd.,"Electrical Equipment & Appliances, China"
Arca Continental SAB de CV,"Beverages, Mexico"
United Microelectronics Corp.,"Computers & Other Electronic Products, Taiwan Province of China"
Valspar Corp.,"Chemicals, United States"
Unipetrol AS,"Petroleum & Coal Products, Czech Republic"
Terumo Corp.,"Medical Instruments & Equipment, Japan"
Alon USA Energy Inc.,"Petroleum & Coal Products, United States"
Kuraray Co. Ltd.,"Chemicals, Japan"
Sinotruk (Hong Kong) Ltd.,"Motor Vehicles, China"
Arrium Ltd.,"Fabricated Metal Products, Australia"
Coty Inc.,"Chemicals, United States"
McCormick & Co. Inc.,"Food, United States"
Smiths Group PLC,"Aerospace & Defense, United Kingdom"
Husqvarna AB,"Instruments, Sweden"
CF Industries Holdings Inc.,"Chemicals, United States"
"Grifols SA, Barcelona","Pharmaceuticals, Spain"
Tsingtao Brewery Co. Ltd.,"Food, China"
Hero MotoCorp Ltd.,"Motor Vehicles, India"
Nissan Shatai Co. Ltd.,"Motor Vehicles, Japan"
Kingboard Chemical Holdings Ltd.,"Fabricated Metal Products, Hong Kong Special Administrative Region of China"
Sun Pharmaceutical Industries Ltd.,"Pharmaceuticals, India"
China CSSC Holdings Ltd.,"Railcars, Ships, & Other Trans. Equip., China"
General Cable Corp.,"Fabricated Metal Products, United States"
UCB SA,"Pharmaceuticals, Belgium"
Calumet Specialty Products Partners LP,"Petroleum & Coal Products, United States"
Andersons Inc.,"Chemicals, United States"
Bangchak Petroleum Public Co. Ltd.,"Petroleum & Coal Products, Thailand"
MDU Resources Group Inc.,"Miscellaneous, United States"
Coach Inc.,"Apparel, United States"
Hoya Corp.,"Stone, Clay, Glass & Concrete Products, Japan"
Nintendo Co. Ltd.,"Miscellaneous, Japan"
Claas KGaA,"Machinery, Germany"
Graphic Packaging Holding Co.,"Paper, United States"
Aryzta AG,"Food, Switzerland"
Chugai Pharmaceutical Co. Ltd.,"Pharmaceuticals, Japan"
Xiamen King Long Motor Co. Ltd.,"Motor Vehicles, China"
Orica Ltd.,"Chemicals, Australia"
Vallourec Group SA,"Primary Metals, France"
Kolon Industries Inc.,"Plastics, Korea"
OAO TMK,"Fabricated Metal Products, Russian Federation"
Western Mining Co. Ltd.,"Primary Metals, China"
Axalta Coating Systems Ltd.,"Miscellaneous, Bermuda"
FAW Car Co. Ltd.,"Motor Vehicle Parts, China"
Regeneron Pharmaceuticals Inc.,"Pharmaceuticals, United States"
Brunswick Corp.,"Miscellaneous, United States"
Eregli Demir Ve Celik Fabrikalari TAS,"Fabricated Metal Products, Turkey"
Oki Electric Industry Co. Ltd.,"Communications Equipment, Japan"
Duerr AG,"Chemicals, Germany"
Mead Johnson Nutrition Co.,"Beverages, United States"
Avichina Industry & Technology Co. Ltd.,"Motor Vehicle Parts, China"
Bemis Co. Inc.,"Miscellaneous, United States"
Korea Zinc Co. Ltd.,"Primary Metals, Korea"
Qisda Corp.,"Communications Equipment, Taiwan Province of China"
Fresh Del Monte Produce Inc.,"Food, Cayman Islands"
Tesla Motors Inc.,"Motor Vehicles, United States"
Ebara Corp.,"Machinery, Japan"
Agilent Technologies Inc.,"Instruments, United States"
Gibson Energy Inc,"Petroleum & Coal Products, Canada"
Anglogold Ashanti Ltd.,"Primary Metals, South Africa"
China National Accord Medicines Co. Ltd.,"Pharmaceuticals, China"
Thor Industries Inc.,"Motor Vehicles, United States"
Bekaert NV,"Fabricated Metal Products, Belgium"
Barloworld Ltd.,"Miscellaneous, South Africa"
Technicolor SA,"Computers & Other Electronic Products, France"
Shree Cements Ltd.,"Stone, Clay, Glass & Concrete Products, India"
Liuzhou Iron & Steel Co. Ltd.,"Fabricated Metal Products, China"
Advanced Micro Devices Inc.,"Computers & Other Electronic Products, United States"
AMETEK Inc.,"Instruments, United States"
Trinseo SA,"Plastics, Luxembourg"
Galenica AG,"Pharmaceuticals, Switzerland"
Colfax Corp,"Machinery, United States"
Tokai Rika Co. Ltd.,"Motor Vehicle Parts, Japan"
Under Armour Inc.,"Apparel, United States"
Antero Resources Corp.,"Petroleum & Coal Products, United States"
SMC Corp.,"Computers & Other Electronic Products, Japan"
Daio Paper Corp.,"Paper, Japan"
Leggett & Platt Inc.,"Furniture & Fixtures, United States"
American Axle & Mfg. Holdings Inc.,"Motor Vehicle Parts, United States"
CSSC Offshore & Marine Engineering Group Co. Ltd.,"Railcars, Ships, & Other Trans. Equip., China"
Gamesa Corporacion Tecnologica SA,"Aerospace & Defense, Spain"
Nissin Food Holdings Co. Ltd.,"Food, Japan"
Harbin Electric Co. Ltd.,"Electrical Equipment & Appliances, China"
Companhia Siderurgica Nacional,"Primary Metals, Brazil"
WhiteWave Foods Co.,"Food, United States"
Prada Spa,"Apparel, Italy"
Triumph Group Inc.,"Aerospace & Defense, United States"
Slovnaft AS,"Petroleum & Coal Products, Slovakia"
Anglo American Platinum Ltd.,"Primary Metals, South Africa"
Nippon Light Metal Holdings Co. Ltd.,"Fabricated Metal Products, Japan"
Lonza Group AG,"Pharmaceuticals, Switzerland"
Lonza Ltd. (Switzerland),"Pharmaceuticals, Switzerland"
Nanjing Pharmaceutical Co. Ltd.,"Pharmaceuticals, China"
Daido Steel Co. Ltd.,"Primary Metals, Japan"
CommScope Holding Co. Inc.,"Communications Equipment, United States"
Flowers Foods Inc.,"Food, United States"
Jiangling Motors Corp. Ltd.,"Motor Vehicles, China"
Fortum Corp.,"Petroleum & Coal Products, Finland"
USG Corp.,"Stone, Clay, Glass & Concrete Products, United States"
Coca-Cola Amatil Ltd.,"Beverages, Australia"
Orkla ASA,"Food, Norway"
Mitsui Mining & Smelting Co. Ltd.,"Primary Metals, Japan"
Daicel Corp.,"Chemicals, Japan"
Industrias Penoles SAB de CV,"Primary Metals, Mexico"
Silgan Holdings Inc.,"Fabricated Metal Products, United States"
Pioneer Corp.,"Computers & Other Electronic Products, Japan"
Allegheny Technologies Inc.,"Computers & Other Electronic Products, United States"
Linamar Corp.,"Machinery, Canada"
Yulon Motor Company Ltd.,"Motor Vehicles, Taiwan Province of China"
HTC Corp.,"Computers & Other Electronic Products, Taiwan Province of China"
TPK Holding Co. Ltd.,"Computers & Other Electronic Products, Taiwan Province of China"
Chocoladefabriken Lindt & Sprungli AG,"Food, Switzerland"
Georg Fischer AG,"Primary Metals, Switzerland"
Puma AG Rudolf Dassler Sport,"Apparel, Germany"
TCL Communication Technology Holdings Ltd.,"Communications Equipment, Hong Kong Special Administrative Region of China"
Almarai Ltd.,"Food, Saudi Arabia"
Albemarle Corp.,"Chemicals, United States"
"Coca-Cola West Co., Ltd.","Beverages, Japan"
Resolute Forest Products Inc.,"Paper, Canada"
Zebra Technologies Corp.,"Machinery, United States"
Axel Springer AG,"Publishing & Printing, Germany"
Futaba Industrial Co. Ltd.,"Motor Vehicle Parts, Japan"
NGK Insulators Ltd.,"Miscellaneous, Japan"
Yamaha Corp.,"Miscellaneous, Japan"
Greif Inc.,"Paper, United States"
Xi'an Aero-Engine PLC,"Railcars, Ships, & Other Trans. Equip., China"
Felda Global Ventures Holdings BHD,"Food, Malaysia"
Hisense Kelon Electrical Holdings Co. Ltd.,"Electrical Equipment & Appliances, China"
Snap-On Inc.,"Instruments, United States"
China Foods Ltd.,"Food, Hong Kong Special Administrative Region of China"
Getinge AB,"Medical Instruments & Equipment, Sweden"
Mitsubishi Tanabe Pharma Corp.,"Pharmaceuticals, Japan"
Shanghai Zhenhua Heavy Industry Co. Ltd.,"Machinery, China"
Sequana,"Paper, France"
Hyundai Hysco Co. Ltd.*,"Motor Vehicle Parts, Korea"
Roper Technologies Inc.,"Miscellaneous, United States"
Pitney Bowes Inc.,"Computers & Other Electronic Products, United States"
First Solar Inc.,"Electrical Equipment & Appliances, United States"
PT United Tractors,"Machinery, Indonesia"
ITO EN Ltd.,"Food, Japan"
Molson Coors Brewing Co.,"Beverages, Canada"
Builders FirstSource Inc.,"Wood Products, United States"
Viohalco SA,"Primary Metals, Belgium"
Cheng Shin Rubber Industries Co. Ltd.,"Rubber Products, Taiwan Province of China"
Lexmark International Inc.,"Computers & Other Electronic Products, United States"
Asics Corp.,"Apparel, Japan"
Carlisle Cos. Inc.,"Miscellaneous, United States"
KT&G Corp.,"Tobacco, Korea"
Martin Marietta Materials Inc.,"Stone, Clay, Glass & Concrete Products, United States"
Fuji Oil Co. Ltd.,"Petroleum & Coal Products, Japan"
Krones AG,"Machinery, Germany"
Sumitomo Riko Co. Ltd.,"Rubber Products, Japan"
Makita Corp.,"Machinery, Japan"
Meritor Inc.,"Motor Vehicle Parts, United States"
Tate & Lyle PLC,"Food, United Kingdom"
ON Semiconductor Corp.,"Computers & Other Electronic Products, United States"
INA dd*,"Petroleum & Coal Products, Croatia"
Thai Union Group PLC Ltd.,"Food, Thailand"
Lennox International Inc.,"Electrical Equipment & Appliances, United States"
Canadian Solar Inc.,"Electronic/Electric Equip., Canada"
Inner Mongolian Baotou Steel Union Co. Ltd.,"Fabricated Metal Products, China"
China Resources Cement Holdings Ltd.,"Stone, Clay, Glass & Concrete Products, Hong Kong Special Administrative Region of China"
Guangzhou Automobile Group Co. Ltd.*,"Motor Vehicles, China"
Regal Beloit Corp.,"Machinery, United States"
Seah Holdings Co. Ltd.,"Primary Metals, Korea"
WT Microelectronics Co. Ltd.,"Electronic/Electric Equip., Taiwan Province of China"
Yokogawa Electric Corp.,"Instruments, Japan"
Analog Devices Inc.,"Computers & Other Electronic Products, United States"
Manitowoc Co. Inc.,"Machinery, United States"
Mechel PAO,"Fabricated Metal Products, Russian Federation"
Bajaj Auto Ltd.,"Motor Vehicles, India"
Want Want China Holdings Ltd,"Food, China"
C.R. Bard Inc.,"Medical Instruments & Equipment, United States"
Yaskawa Electric Corp.,"Electrical Equipment & Appliances, Japan"
Northern Tier Energy LP,"Petroleum & Coal Products, United States"
Uni-President China Holdings Ltd.,"Food, China"
Vulcan Materials Co.,"Stone, Clay, Glass & Concrete Products, United States"
Darling Ingredients Inc.,"Food, United States"
Church & Dwight Co. Inc.,"Chemicals, United States"
Hubbell Inc.,"Electrical Equipment & Appliances, United States"
Toyo Tire & Rubber Co. Ltd.,"Rubber Products, Japan"
Kikkoman Corp.,"Food, Japan"
Dowa Holdings Co. Ltd.,"Primary Metals, Japan"
Stanley Electric Co. Ltd.,"Motor Vehicle Parts, Japan"
Axiall Corp.,"Chemicals, United States"
PolyOne Corp.,"Plastics, United States"
Gruma SAB de CV,"Food, Mexico"
Dainippon Sumitomo Pharma Co. Ltd.,"Chemicals, Japan"
UMW Holdings Berhad,"Machinery, Malaysia"
Mallinckrodt PLC,"Pharmaceuticals, United Kingdom"
Kumho Petrochemical Co. Ltd.,"Rubber Products, Korea"
Huadong Medicine Co. Ltd.,"Pharmaceuticals, China"
Wuliangye Yibin Co Ltd,"Beverages, China"
Mitani Corp.,"Computers & Other Electronic Products, Japan"
Wabtec Corp.,"Railcars, Ships, & Other Trans. Equip., United States"
Cooper-Standard Holdings Inc.,"Motor Vehicle Parts, United States"
Cheng Uei Precision Industry,"Communications Equipment, Taiwan Province of China"
Eramet SA,"Primary Metals, France"
Skyworks Solutions Inc.,"Computers & Other Electronic Products, United States"
Paz Oil Co Ltd.,"Petroleum & Coal Products, Israel"
FMC Corp.,"Chemicals, United States"
"Bestv New Media Co., Ltd.","Electronic/Electric Equip., China"
Kolon Corp.,"Textiles, Korea"
Endo International PLC,"Pharmaceuticals, Ireland"
China Oriental Group Co. Ltd.,"Primary Metals, Hong Kong Special Administrative Region of China"
Visteon Corp.,"Motor Vehicle Parts, United States"
Metso Corp.,"Machinery, Finland"
Wienerberger AG,"Stone, Clay, Glass & Concrete Products, Austria"
Fossil Group Inc.,"Apparel, United States"
Hitachi Zosen Corp.,"Machinery, Japan"
Yakult Honsha Co. Ltd.,"Food, Japan"
JSR Corp.,"Chemicals, Japan"
TreeHouse Foods Inc.,"Food, United States"
Fromageries Bel,"Food, France"
Zoomlion Heavy Ind. Sci. & Tech. Co. Ltd.,"Machinery, China"
NGK Spark Plug Co. Ltd.,"Motor Vehicle Parts, Japan"
Kuwait Food Co.,"Food, Kuwait"
Orbital ATK Inc.,"Aerospace & Defense, United States"
Coca-Cola European Partners PLC,"Food, United Kingdom"